Artikelnummer;Bezeichnung;Model;Size;ModellSize;URL
02110001100A100;B-Zylindertrompete;Modell 11;;Modell 11;https://www.miraphone.de/bb-trumpet-rotary-valves-26.html
02110001100A120;B-Zylindertrompete;Modell 11;;Modell 11;https://www.miraphone.de/bb-trumpet-rotary-valves-25.html
02110001101A100;B-Zylindertrompete;Modell 11;;Modell 11;https://www.miraphone.de/bb-trumpet-rotary-valves-24.html
02110001102A100;B-Zylindertrompete;Modell 11;4/4;Modell 11 Size (4/4);https://www.miraphone.de/bb-trumpet-rotary-valves-23.html
029R0000700A;B-Zylindertrompete;Modell 9R;;Modell 9R;https://www.miraphone.de/bb-trumpet-rotary-valves-22.html
029R0000700A100;B-Zylindertrompete;Modell 9R;;Modell 9R;https://www.miraphone.de/bb-trumpet-rotary-valves-21.html
029R0000700A110;B-Zylindertrompete;Modell 9R;;Modell 9R;https://www.miraphone.de/bb-trumpet-rotary-valves-20.html
029R0000702A;B-Zylindertrompete;Modell 9R;;Modell 9R;https://www.miraphone.de/bb-trumpet-rotary-valves-19.html
029R0000702A100;B-Zylindertrompete;Modell 9R;;Modell 9R;https://www.miraphone.de/bb-trumpet-rotary-valves-18.html
029R0000702AP10;B-Zylindertrompete;Modell 9R;;Modell 9R;https://www.miraphone.de/bb-trumpet-piston-valves-10.html
029R0001100A;B-Zylindertrompete;Modell 9R;;Modell 9R;https://www.miraphone.de/bb-trumpet-rotary-valves-17.html
029R0001100A100;B-Zylindertrompete;Modell 9R;;Modell 9R;https://www.miraphone.de/bb-trumpet-rotary-valves-16.html
029R0001100A110;B-Zylindertrompete;Modell 9R;;Modell 9R;https://www.miraphone.de/bb-trumpet-rotary-valves-15.html
029R0001100A120;B-Zylindertrompete;Modell 9R;;Modell 9R;https://www.miraphone.de/bb-trumpet-rotary-valves-14.html
029R0001101A;B-Zylindertrompete;Modell 9R;;Modell 9R;https://www.miraphone.de/bb-trumpet-rotary-valves-13.html
029R0001101A100;B-Zylindertrompete;Modell 9R;;Modell 9R;https://www.miraphone.de/bb-trumpet-rotary-valves-12.html
029R0001101A120;B-Zylindertrompete;Modell 9R;;Modell 9R;https://www.miraphone.de/bb-trumpet-rotary-valves-11.html
029R0001102A;B-Zylindertrompete;Modell 9R;;Modell 9R;https://www.miraphone.de/bb-trumpet-rotary-valves-10.html
029R0001102A100;B-Zylindertrompete;Modell 9R;;Modell 9R;https://www.miraphone.de/bb-trumpet-rotary-valves-9.html
029R0001102A120;B-Zylindertrompete;Modell 9R;;Modell 9R;https://www.miraphone.de/bb-trumpet-rotary-valves-8.html
029R0001102AP10;B-Zylindertrompete;Modell 9R;;Modell 9R;https://www.miraphone.de/bb-trumpet-rotary-valves-7.html
029R1001100A;B-Zylindertrompete;Modell 9R;;Modell 9R;https://www.miraphone.de/bb-trumpet-rotary-valves-6.html
029R1001100A100;B-Zylindertrompete;Modell 9R;;Modell 9R;https://www.miraphone.de/bb-trumpet-rotary-valves-5.html
029R1001100A120;B-Zylindertrompete;Modell 9R;;Modell 9R;https://www.miraphone.de/bb-trumpet-rotary-valves-4.html
029R1001101A100;B-Zylindertrompete;Modell 9R;;Modell 9R;https://www.miraphone.de/bb-trumpet-rotary-valves-3.html
029R1001101A120;B-Zylindertrompete;Modell 9R;;Modell 9R;https://www.miraphone.de/bb-trumpet-rotary-valves-2.html
029R1001102A120;B-Zylindertrompete;Modell 9R;;Modell 9R;https://www.miraphone.de/bb-trumpet-rotary-valves-1.html
0324R000700A;B-Flügelhorn;Modell 24R;;Modell 24R;https://www.miraphone.de/bb-fluegelhorn-31.html
0324R000700A100;B-Flügelhorn;Modell 24R;;Modell 24R;https://www.miraphone.de/bb-fluegelhorn-30.html
0324R000700A110;B-Flügelhorn;Modell 24R;;Modell 24R;https://www.miraphone.de/bb-fluegelhorn-29.html
0324R000700A120;B-Flügelhorn;Modell 24R;;Modell 24R;https://www.miraphone.de/bb-fluegelhorn-28.html
0324R000700A125;B-Flügelhorn;Modell 24R;;Modell 24R;https://www.miraphone.de/bb-fluegelhorn-27.html
0324R000700A130;B-Flügelhorn;Modell 24R;;Modell 24R;https://www.miraphone.de/bb-fluegelhorn-26.html
0324R001100A;B-Flügelhorn;Modell 24R;;Modell 24R;https://www.miraphone.de/bb-fluegelhorn-25.html
0324R001100A100;B-Flügelhorn;Modell 24R;;Modell 24R;https://www.miraphone.de/bb-fluegelhorn-24.html
0324R001100A100G010;B-Flügelhorn;model 24R;;model 24R;https://www.miraphone.de/bb-fluegelhorn-24-0324r001100a100-1.html
0324R001100A101;B-Flügelhorn;Modell 24R;;Modell 24R;https://www.miraphone.de/bb-fluegelhorn-34.html
0324R001100A110;B-Flügelhorn;Modell 24R;;Modell 24R;https://www.miraphone.de/bb-fluegelhorn-23.html
0324R001100A120;B-Flügelhorn;Modell 24R;;Modell 24R;https://www.miraphone.de/bb-fluegelhorn-22.html
0324R001100A125;B-Flügelhorn;Modell 24R;;Modell 24R;https://www.miraphone.de/bb-fluegelhorn-21.html
0324R001100A130;B-Flügelhorn;Modell 24R;;Modell 24R;https://www.miraphone.de/bb-fluegelhorn-20.html
0324R001101A;B-Flügelhorn;Modell 24R;;Modell 24R;https://www.miraphone.de/bb-fluegelhorn-19.html
0324R001101A100;B-Flügelhorn;Modell 24R;;Modell 24R;https://www.miraphone.de/bb-fluegelhorn-18.html
0324R001101A125;B-Flügelhorn;Modell 24R;;Modell 24R;https://www.miraphone.de/bb-fluegelhorn-17.html
0324R001101A130;B-Flügelhorn;Modell 24R;;Modell 24R;https://www.miraphone.de/bb-fluegelhorn.html
0324R001102A;B-Flügelhorn;Modell 24R;;Modell 24R;https://www.miraphone.de/bb-fluegelhorn-16.html
0324R001102A100;B-Flügelhorn;Modell 24R;;Modell 24R;https://www.miraphone.de/bb-fluegelhorn-15.html
0324R001102A125;B-Flügelhorn;Modell 24R;;Modell 24R;https://www.miraphone.de/bb-fluegelhorn-14.html
0324R001102A130;B-Flügelhorn;Modell 24R;;Modell 24R;https://www.miraphone.de/bb-fluegelhorn-13.html
0324R001102AP00;B-Flügelhorn;Modell 24R;;Modell 24R;https://www.miraphone.de/bb-fluegelhorn-12.html
0324R001102AP01;B-Flügelhorn;Modell 24R;;Modell 24R;https://www.miraphone.de/bb-fluegelhorn-11.html
0324R001102AP10;B-Flügelhorn;Modell 24R;;Modell 24R;https://www.miraphone.de/bb-fluegelhorn-10.html
0324R001102AP12;B-Flügelhorn;Modell 24R;;Modell 24R;https://www.miraphone.de/bb-fluegelhorn-9.html
0324R001102AP13;B-Flügelhorn;Modell 24R;;Modell 24R;https://www.miraphone.de/bb-fluegelhorn-8.html
0324R100700A;B-Flügelhorn;Modell 24R;;Modell 24R;https://www.miraphone.de/bb-fluegelhorn-7.html
03250001100A;B-Flügelhorn;Modell 25;;Modell 25;https://www.miraphone.de/bb-fluegelhorn-33.html
03250001100A100;B-Flügelhorn;Modell 25;;Modell 25;https://www.miraphone.de/bb-fluegelhorn-6.html
03250001100A120;Bb fluegelhorn 25;Modell 25;;Modell 25;https://www.miraphone.de/bb-fluegelhorn-25-2.html
03250001100A125;B-Flügelhorn;Modell 25;;Modell 25;https://www.miraphone.de/bb-fluegelhorn-5.html
03250001100A130;B-Flügelhorn;Modell 25;;Modell 25;https://www.miraphone.de/bb-fluegelhorn-32.html
03250001101A100;B-Flügelhorn;Modell 25;;Modell 25;https://www.miraphone.de/bb-fluegelhorn-4.html
03250001101AP10;B-Flügelhorn;Modell 25;;Modell 25;https://www.miraphone.de/bb-fluegelhorn-3.html
03250001101AP20;B-Flügelhorn;Modell 25;;Modell 25;https://www.miraphone.de/bb-fluegelhorn-2.html
03250001102A100;B-Flügelhorn;Modell 25;;Modell 25;https://www.miraphone.de/bb-fluegelhorn-1.html
040036L0700A;ES-KONZERTHORN;Modell 36L;;Modell 36L;https://www.miraphone.de/eb-alto-horn-left-hand-action-1.html
040036L1100A;ES-KONZERTHORN;Modell 36L;;Modell 36L;https://www.miraphone.de/eb-alto-horn-left-hand-action.html
040036R0700A;ES-KONZERTHORN;Modell 36R;;Modell 36R;https://www.miraphone.de/eb-alto-horn-right-hand-action-1.html
040036R1100A;ES-KONZERTHORN;Modell 36R;;Modell 36R;https://www.miraphone.de/eb-alto-horn-right-hand-action.html
050037007000;B-Baßtrompete;Modell 37;;Modell 37;https://www.miraphone.de/b-basstrompete-7.html
050037007000100;B-Baßtrompete;Modell 37;;Modell 37;https://www.miraphone.de/b-basstrompete-5.html
050037011000;B-Baßtrompete;Modell 37;;Modell 37;https://www.miraphone.de/b-basstrompete-8.html
050037011000100;B-Baßtrompete;Modell 37;;Modell 37;https://www.miraphone.de/b-basstrompete-6.html
050037407000;B-Baßtrompete;Modell 37;;Modell 37;https://www.miraphone.de/b-basstrompete-4.html
050037407000120;B-Baßtrompete;Modell 37;;Modell 37;https://www.miraphone.de/b-basstrompete-3.html
050037411000;B-Baßtrompete;Modell 37;;Modell 37;https://www.miraphone.de/b-basstrompete.html
050037411000100;B-Baßtrompete;Modell 37;;Modell 37;https://www.miraphone.de/b-basstrompete-2.html
050047007000;B-Tenorhorn;Modell 47;;Modell 47;https://www.miraphone.de/bb-tenor-horn-17.html
050047007020P11;B-Tenorhorn;Modell 47;;Modell 47;https://www.miraphone.de/bb-tenor-horn.html
050047011000;B-Tenorhorn;Modell 47;;Modell 47;https://www.miraphone.de/bb-tenor-horn-16.html
050047407000;B-Tenorhorn;Modell 47;;Modell 47;https://www.miraphone.de/bb-tenor-horn-15.html
050047411000;B-Tenorhorn;Modell 47;;Modell 47;https://www.miraphone.de/bb-tenor-horn-14.html
050237011000100;B-Baßtrompete;Modell 237;;Modell 237;https://www.miraphone.de/bb-bass-trumpet-1.html
05047WL07000;B-Tenorhorn;Modell 47WL;;Modell 47WL;https://www.miraphone.de/b-tenorhorn-05047wl07000.html
05047WL07000100;B-Tenorhorn;Modell 47WL;;Modell 47WL;https://www.miraphone.de/b-tenorhorn-05047wl07000100.html
05047WL07000200;B-Tenorhorn;Modell 47WL;;Modell 47WL;https://www.miraphone.de/b-tenorhorn-05047wl07000200.html
05047WL07020;B-Tenorhorn;Modell 47WL;;Modell 47WL;https://www.miraphone.de/b-tenorhorn-05047wl07020.html
05047WL11000;B-Tenorhorn;Modell 47WL;;Modell 47WL;https://www.miraphone.de/b-tenorhorn-05047wl11000.html
05047WL11000100;B-Tenorhorn;Modell 47WL;;Modell 47WL;https://www.miraphone.de/b-tenorhorn-05047wl11000100.html
05047WL11000200;B-Tenorhorn;Modell 47WL;;Modell 47WL;https://www.miraphone.de/b-tenorhorn-05047wl11000200.html
0547WL407000;B-Tenorhorn;Modell 47WL;;Modell 47WL;https://www.miraphone.de/b-tenorhorn-0547wl407000.html
0547WL407000100;B-Tenorhorn;Modell 47WL;;Modell 47WL;https://www.miraphone.de/b-tenorhorn-0547wl407000100.html
0547WL407000930G050;Bb tenor horn;model 47WL;;model 47WL;https://www.miraphone.de/bb-tenor-horn-47wl-0547wl407000930g050.html
0547WL411000;B-Tenorhorn;Modell 47WL;;Modell 47WL;https://www.miraphone.de/b-tenorhorn-0547wl411000.html
0547WL411000100;B-Tenorhorn;Modell 47WL;;Modell 47WL;https://www.miraphone.de/b-tenorhorn-0547wl411000100.html
0547WL411000200;B-Tenorhorn;Modell 47WL;;Modell 47WL;https://www.miraphone.de/b-tenorhorn-model-47.html
0547WL411000G010;B-Tenorhorn;Modell 47WL;;Modell 47WL;https://www.miraphone.de/bb-tenor-horn-47wl-0547wl411000g050-1.html
0547WL411000G050;B-Tenorhorn;Modell 47WL;;Modell 47WL;https://www.miraphone.de/bb-tenor-horn-47wl-0547wl411000g050.html
0547WL411020;B-Tenorhorn;Modell 47WL;;Modell 47WL;https://www.miraphone.de/tenorhorn-47.html
0547WL411020100;B-Tenorhorn;Modell 47WL;;Modell 47WL;https://www.miraphone.de/b-tenorhorn-47.html
0547WL411020E10;B-Tenorhorn;Modell 47WL4 Edition;;Modell 47WL4 Edition;https://www.miraphone.de/tenorhorn-47-edition.html
0547WL411020E30;B-Tenorhorn;Modell 47WL4 Edition;;Modell 47WL4 Edition;https://www.miraphone.de/b-tenorhorn-47-edition.html
070054L0700A;B-Bariton;Modell 54L Loimayr;;Modell 54L Loimayr;https://www.miraphone.de/bb-baritone-17.html
070054L0700A100;B-Bariton;Modell 54L Loimayr;;Modell 54L Loimayr;https://www.miraphone.de/bb-baritone-16.html
070054L0700A200;B-Bariton;Modell 54L Loimayr;;Modell 54L Loimayr;https://www.miraphone.de/bb-baritone-54l-4-valves-model-loimayr-2.html
070054L0702A100;Bb baritone 54L, 4 valves, model Loimayr;Modell 54L Loimayr;;Modell 54L Loimayr;https://www.miraphone.de/bb-baritone-54l-070054l0700a100-1.html
070054L1100A;B-Bariton;Modell 54L Loimayr;;Modell 54L Loimayr;https://www.miraphone.de/bb-baritone-14.html
070054L1100A100;B-Bariton;Modell 54L Loimayr;;Modell 54L Loimayr;https://www.miraphone.de/bb-baritone-13.html
070054L1100A200;B-Bariton;Modell 54L Loimayr;;Modell 54L Loimayr;https://www.miraphone.de/bb-baritone-12.html
070054L1100AG010;B-Bariton;Modell 54L Loimayr;;Modell 54L Loimayr;https://www.miraphone.de/bb-baritone-54l-4-valves-model-loimayr-brushed.html
070054L1100AG050;B-Bariton;Modell 54L Loimayr;;Modell 54L Loimayr;https://www.miraphone.de/bb-baritone-54l-070054l1100ag050.html
070054L1102A;B-Bariton;Modell 54L Loimayr;;Modell 54L Loimayr;https://www.miraphone.de/bb-baritone-11.html
070054L1102A100;B-Bariton;Modell 54L Loimayr;;Modell 54L Loimayr;https://www.miraphone.de/bb-baritone-10.html
070054L1102AE10;B-Bariton;Modell 54L Loimayr Edition;;Modell 54L Loimayr Edition;https://www.miraphone.de/bb-baritone-9.html
070054L1102AE20;B-Bariton;Modell 54L Loimayr Edition;;Modell 54L Loimayr Edition;https://www.miraphone.de/bb-baritone-8.html
070054L1102AE30;B-Bariton;Modell 54L Loimayr Edition;;Modell 54L Loimayr Edition;https://www.miraphone.de/bb-baritone-7.html
070054L1102AE40;B-Bariton;Modell 54L Loimayr Edition;;Modell 54L Loimayr Edition;https://www.miraphone.de/bb-baritone-6.html
070056511000200;B-Kaiserbariton;Modell 565;;Modell 565;https://www.miraphone.de/bb-kaiser-baritone-11.html
070056A07000;B-Kaiserbariton;Modell 56A;;Modell 56A;https://www.miraphone.de/bb-kaiser-baritone-10.html
070056A07000200;B-Kaiserbariton;Modell 56A;;Modell 56A;https://www.miraphone.de/bb-kaiser-baritone-9.html
070056A07020;B-Kaiserbariton;Modell 56A;;Modell 56A;https://www.miraphone.de/bb-kaiser-baritone-8.html
070056A07020200;B-Kaiserbariton;Modell 56A;;Modell 56A;https://www.miraphone.de/bb-kaiser-baritone-7.html
070056A11000;B-Kaiserbariton;Modell 56A;;Modell 56A;https://www.miraphone.de/bb-kaiser-baritone-6.html
070056A11000200;B-Kaiserbariton;Modell 56A;;Modell 56A;https://www.miraphone.de/bb-kaiser-baritone-5.html
070056B07000;B-Kaiserbariton, Bellfront;Modell 56B;;Modell 56B;https://www.miraphone.de/bb-kaiser-baritone-bellfront-2.html
070056B11000;B-Kaiserbariton, Bellfront;Modell 56B;;Modell 56B;https://www.miraphone.de/bb-kaiser-baritone-bellfront-1.html
070056L07000;B-Kaiserbariton;Modell 56L;;Modell 56L;https://www.miraphone.de/bb-kaiser-baritone-4.html
070056L11000;B-Kaiserbariton;Modell 56L;;Modell 56L;https://www.miraphone.de/bb-kaiser-baritone-3.html
070056L11000100;B-Kaiserbariton;Modell 56L;;Modell 56L;https://www.miraphone.de/bb-kaiser-baritone-2.html
070056L11000200;B-Kaiserbariton;Modell 56L;;Modell 56L;https://www.miraphone.de/bb-kaiser-baritone-1.html
070056L11000700;B-Kaiserbariton;Modell 56L;;Modell 56L;https://www.miraphone.de/bb-kaiser-baritone.html
07054L51102A;B-Bariton;Modell 54L Loimayr;;Modell 54L Loimayr;https://www.miraphone.de/bb-baritone-5.html
07054L51102AE10;B-Bariton;Modell 54L Loimayr Edition;;Modell 54L Loimayr Edition;https://www.miraphone.de/bb-baritone-4.html
0753N000700A;B-Bariton;Modell 53N;;Modell 53N;https://www.miraphone.de/bb-baritone-3.html
0753N000700A200;B-Bariton;Modell 53N;;Modell 53N;https://www.miraphone.de/bb-baritone-2.html
0753N000702A;B-Bariton;Modell 53N;;Modell 53N;https://www.miraphone.de/bb-baritone-1.html
0753N001100A;B-Bariton;Modell 53N;;Modell 53N;https://www.miraphone.de/bb-baritone.html
090058W07000;B-Ventilposaune;Modell 58W;;Modell 58W;https://www.miraphone.de/bb-valve-trombone-4.html
090058W07000100;B-Ventilposaune;Modell 58W;;Modell 58W;https://www.miraphone.de/bb-valve-trombone-6.html
090058W07000200;B-Ventilposaune;Modell 58W;;Modell 58W;https://www.miraphone.de/bb-valve-trombone-3-valves-1.html
090058W11000;B-Ventilposaune;Modell 58W;;Modell 58W;https://www.miraphone.de/bb-valve-trombone-5.html
09058W407000;B-Ventilposaune;Modell 58W;;Modell 58W;https://www.miraphone.de/bb-valve-trombone-2.html
09058W411000;B-Ventilposaune;Modell 58W;;Modell 58W;https://www.miraphone.de/bb-valve-trombone-1.html
09058W411000200;B-Ventilposaune;Modell 58W;;Modell 58W;https://www.miraphone.de/bb-valve-trombone.html
150080A07000;F-Tuba;Modell 80;4/4;Modell 80 Size (4/4);https://www.miraphone.de/f-tuba-80.html
150080A07000200;F-Tuba;Modell 80;4/4;Modell 80 Size (4/4);https://www.miraphone.de/f-tuba-80-4-4-size-bell-38-cm-4-valves-1.html
150080A11000;F-Tuba;Modell 80;4/4;Modell 80 Size (4/4);https://www.miraphone.de/f-tuba-78.html
150080B07000;F-Tuba;Modell 80;4/4;Modell 80 Size (4/4);https://www.miraphone.de/f-tuba-77.html
150080B07000200;F-Tuba;Modell 80;4/4;Modell 80 Size (4/4);https://www.miraphone.de/f-tuba-80-4-4-size-bell-38-cm-5-valves-1.html
150080B11000;F-Tuba;Modell 80;4/4;Modell 80 Size (4/4);https://www.miraphone.de/f-tuba-75.html
150081A07000;F-Tuba;Modell 81;5/4;Modell 81 Size (5/4);https://www.miraphone.de/f-tuba-74.html
150081A07000200;F-Tuba;Modell 81;5/4;Modell 81 Size (5/4);https://www.miraphone.de/f-tuba-81-5-4-size-bell-42-cm-4-valves-1-2.html
150081A11000;F-Tuba;Modell 81;5/4;Modell 81 Size (5/4);https://www.miraphone.de/f-tuba-72.html
150081A11000200;F-Tuba;Modell 81;5/4;Modell 81 Size (5/4);https://www.miraphone.de/f-tuba-81-5-4-size-bell-42-cm-4-valves-1.html
150181B07000;F-Tuba;Modell 181 Belcanto;5/4;Modell 181 Belcanto Size (5/4);https://www.miraphone.de/f-tuba-70.html
150181B07000500;F-Tuba;Modell 181 Belcanto;5/4;Modell 181 Belcanto Size (5/4);https://www.miraphone.de/f-tuba-69.html
150181B07000500720;F-Tuba;Modell 181 Belcanto;5/4;Modell 181 Belcanto Size (5/4);https://www.miraphone.de/f-tuba-83.html
150181B11000;F-Tuba;Modell 181 Belcanto;5/4;Modell 181 Belcanto Size (5/4);https://www.miraphone.de/f-tuba-68.html
150181B11000500;F-Tuba;Modell 181 Belcanto;5/4;Modell 181 Belcanto Size (5/4);https://www.miraphone.de/f-tuba-67.html
150181C07000;F-Tuba;Modell 181 Belcanto;5/4;Modell 181 Belcanto Size (5/4);https://www.miraphone.de/f-tuba-66.html
150181C07000500;F-Tuba;Modell 181 Belcanto;5/4;Modell 181 Belcanto Size (5/4);https://www.miraphone.de/f-tuba-65.html
150181C07000500720;F-Tuba;Modell 181 Belcanto;5/4;Modell 181 Belcanto Size (5/4);https://www.miraphone.de/f-tuba-82.html
150181C11000;F-Tuba;Modell 181 Belcanto;5/4;Modell 181 Belcanto Size (5/4);https://www.miraphone.de/f-tuba-64.html
150181C11000200;F-Tuba;Modell 181 Belcanto;5/4;Modell 181 Belcanto Size (5/4);https://www.miraphone.de/f-tuba-181-belcanto-5-4-size-bell-42-cm-6-valves-1-2.html
150181C11000500;F-Tuba;Modell 181 Belcanto;5/4;Modell 181 Belcanto Size (5/4);https://www.miraphone.de/f-tuba-62.html
150181C11000520;F-Tuba;Modell 181 Belcanto;5/4;Modell 181 Belcanto Size (5/4);https://www.miraphone.de/f-tuba-181-belcanto-5-4-size-bell-42-cm-6-valves-1.html
150181C11020;F-Tuba;Modell 181 Belcanto;5/4;Modell 181 Belcanto Size (5/4);https://www.miraphone.de/f-tuba-58.html
150181C11020500;F-Tuba;Modell 181 Belcanto;5/4;Modell 181 Belcanto Size (5/4);https://www.miraphone.de/f-tuba-57.html
150181C11020P10;F-Tuba;Modell 181 Belcanto;5/4;Modell 181 Belcanto Size (5/4);https://www.miraphone.de/f-tuba-56.html
150281B07000;F-Tuba;Modell 281 Firebird;5/4 kompakt;Modell 281 Firebird Size (5/4 kompakt);https://www.miraphone.de/f-tuba-91.html
150281B07000004;F-Tuba;Modell 281 Firebird;5/4 kompakt;Modell 281 Firebird Size (5/4 kompakt);https://www.miraphone.de/f-tuba-97.html
150281B07000200;F-Tuba;Modell 281 Firebird;5/4 kompakt;Modell 281 Firebird Size (5/4 kompakt);https://www.miraphone.de/f-tuba-281-firebird-5-4-size-bell-40-cm-5-valves-1-6.html
150281B07000204;F-Tuba;Modell 281 Firebird;5/4 kompakt;Modell 281 Firebird Size (5/4 kompakt);https://www.miraphone.de/f-tuba-281-firebird-5-4-size-bell-40-cm-5-valves-1-5.html
150281B07000500;F-Tuba;Modell 281 Firebird;5/4 kompakt;Modell 281 Firebird Size (5/4 kompakt);https://www.miraphone.de/f-tuba-87.html
150281B07000520;F-Tuba;Modell 281 Firebird;5/4 kompakt;Modell 281 Firebird Size (5/4 kompakt);https://www.miraphone.de/f-tuba-281-firebird-5-4-size-bell-40-cm-5-valves-1-4.html
150281B07020;F-Tuba;Modell 281 Firebird;5/4 kompakt;Modell 281 Firebird Size (5/4 kompakt);https://www.miraphone.de/f-tuba-98.html
150281B11000;F-Tuba;Modell 281 Firebird;5/4;Modell 281 Firebird Size (5/4);https://www.miraphone.de/f-tuba-90.html
150281B11000004;F-Tuba;Modell 281 Firebird;5/4 kompakt;Modell 281 Firebird Size (5/4 kompakt);https://www.miraphone.de/f-tuba-96.html
150281B11000200;F-Tuba;Modell 281 Firebird;5/4 kompakt;Modell 281 Firebird Size (5/4 kompakt);https://www.miraphone.de/f-tuba-281-firebird-5-4-size-bell-40-cm-5-valves-1-3.html
150281B11000204;F-Tuba;Modell 281 Firebird;5/4 kompakt;Modell 281 Firebird Size (5/4 kompakt);https://www.miraphone.de/f-tuba-281-firebird-5-4-size-bell-40-cm-5-valves-1-2.html
150281B11000500;F-Tuba;Modell 281 Firebird;5/4 kompakt;Modell 281 Firebird Size (5/4 kompakt);https://www.miraphone.de/f-tuba-99.html
150281B11000520;F-Tuba;Modell 281 Firebird;5/4 kompakt;Modell 281 Firebird Size (5/4 kompakt);https://www.miraphone.de/f-tuba-281-firebird-5-4-size-bell-40-cm-5-valves-1.html
150281C07000;F-Tuba;Modell 281 Firebird;5/4 kompakt;Modell 281 Firebird Size (5/4 kompakt);https://www.miraphone.de/f-tuba-116.html
150281C07000004;F-Tuba;Modell 281 Firebird;5/4 kompakt;Modell 281 Firebird Size (5/4 kompakt);https://www.miraphone.de/f-tuba-104.html
150281C07000200;F-Tuba;Modell 281 Firebird;5/4 kompakt;Modell 281 Firebird Size (5/4 kompakt);https://www.miraphone.de/f-tuba-281-firebird-5-4-size-bell-40-cm-6-valves-1-7.html
150281C07000500;F-Tuba;Modell 281 Firebird;5/4 kompakt;Modell 281 Firebird Size (5/4 kompakt);https://www.miraphone.de/f-tuba-101.html
150281C07000504;F-Tuba;Modell 281 Firebird;5/4 kompakt;Modell 281 Firebird Size (5/4 kompakt);https://www.miraphone.de/f-tuba-108.html
150281C07000520;F-Tuba;Modell 281 Firebird;5/4 kompakt;Modell 281 Firebird Size (5/4 kompakt);https://www.miraphone.de/f-tuba-281-firebird-5-4-size-bell-40-cm-6-valves-1-6.html
150281C07000524;F-Tuba;Modell 281 Firebird;5/4 kompakt;Modell 281 Firebird Size (5/4 kompakt);https://www.miraphone.de/f-tuba-281-firebird-5-4-size-bell-40-cm-6-valves-1-5.html
150281C07000700;F-Tuba;Modell 281 Firebird;5/4 kompakt;Modell 281 Firebird Size (5/4 kompakt);https://www.miraphone.de/f-tuba-113.html
150281C07000720;F-Tuba;Modell 281 Firebird;5/4 kompakt;Modell 281 Firebird Size (5/4 kompakt);https://www.miraphone.de/f-tuba-112.html
150281C11000;F-Tuba;Modell 281 Firebird;5/4 kompakt;Modell 281 Firebird Size (5/4 kompakt);https://www.miraphone.de/f-tuba-115.html
150281C11000004;F-Tuba;Modell 281 Firebird;5/4 kompakt;Modell 281 Firebird Size (5/4 kompakt);https://www.miraphone.de/f-tuba-103.html
150281C11000200;F-Tuba;Modell 281 Firebird;5/4 kompakt;Modell 281 Firebird Size (5/4 kompakt);https://www.miraphone.de/f-tuba-281-firebird-5-4-size-bell-40-cm-6-valves-1-4.html
150281C11000204;F-Tuba;Modell 281 Firebird;5/4 kompakt;Modell 281 Firebird Size (5/4 kompakt);https://www.miraphone.de/f-tuba-281-firebird-5-4-size-bell-40-cm-6-valves-1-3.html
150281C11000500;F-Tuba;Modell 281 Firebird;5/4 kompakt;Modell 281 Firebird Size (5/4 kompakt);https://www.miraphone.de/f-tuba-107.html
150281C11000504;F-Tuba;Modell 281 Firebird;5/4 kompakt;Modell 281 Firebird Size (5/4 kompakt);https://www.miraphone.de/f-tuba-118.html
150281C11000520;F-Tuba;Modell 281 Firebird;5/4 kompakt;Modell 281 Firebird Size (5/4 kompakt);https://www.miraphone.de/f-tuba-281-firebird-5-4-size-bell-40-cm-6-valves-1-2.html
150281C11000524;F-Tuba;Modell 281 Firebird;5/4 kompakt;Modell 281 Firebird Size (5/4 kompakt);https://www.miraphone.de/f-tuba-281-firebird-5-4-size-bell-40-cm-6-valves-1.html
150281C11020;F-Tuba;Modell 281 Firebird;5/4 kompakt;Modell 281 Firebird Size (5/4 kompakt);https://www.miraphone.de/f-tuba-102.html
150281C11020P10;F-Tuba;Modell 281 Firebird;5/4 kompakt;Modell 281 Firebird Size (5/4 kompakt);https://www.miraphone.de/f-tuba-109.html
150281C11020P10720;F-Tuba;Modell 281 Firebird;5/4 kompakt;Modell 281 Firebird Size (5/4 kompakt);https://www.miraphone.de/f-tuba-281-firebird-150281c11020p10720.html
150481B07001;F-Tuba;Modell 481 Elektra;5/4;Modell 481 Elektra Size (5/4);https://www.miraphone.de/f-tuba-124.html
150481B07001500;F-Tuba;Modell 481 Elektra;5/4;Modell 481 Elektra Size (5/4);https://www.miraphone.de/f-tuba-121.html
150481B07021;F-Tuba;Modell 481 Elektra;5/4;Modell 481 Elektra Size (5/4);https://www.miraphone.de/f-tuba-125.html
150481B11001;F-Tuba;Modell 481 Elektra;5/4;Modell 481 Elektra Size (5/4);https://www.miraphone.de/f-tuba-123.html
150481B11001500;F-Tuba;Modell 481 Elektra;5/4;Modell 481 Elektra Size (5/4);https://www.miraphone.de/f-tuba-120.html
150481B11021;F-Tuba;Modell 481 Elektra;5/4;Modell 481 Elektra Size (5/4);https://www.miraphone.de/f-tuba-122.html
150481C07001;F-Tuba;Modell 481 Elektra;5/4;Modell 481 Elektra Size (5/4);https://www.miraphone.de/f-tuba-133.html
150481C07001500;F-Tuba;Modell 481 Elektra;5/4;Modell 481 Elektra Size (5/4);https://www.miraphone.de/f-tuba-126.html
150481C07001500720;F-Tuba;Modell 481 Elektra;5/4;Modell 481 Elektra Size (5/4);https://www.miraphone.de/f-tuba-127.html
150481C07001700;F-Tuba;Modell 481 Elektra;5/4;Modell 481 Elektra Size (5/4);https://www.miraphone.de/f-tuba-128.html
150481C07001710;F-Tuba;Modell 481 Elektra;5/4;Modell 481 Elektra Size (5/4);https://www.miraphone.de/f-tuba-481-elektra-bell-42-cm-6-valves-1.html
150481C07001720;F-Tuba;Modell 481 Elektra;5/4;Modell 481 Elektra Size (5/4);https://www.miraphone.de/f-tuba-130.html
150481C07001930;F-Tuba;Modell 481 Elektra;5/4;Modell 481 Elektra Size (5/4);https://www.miraphone.de/f-tuba-481-elektra-150481c07001930.html
150481C07021;F-Tuba;Modell 481 Elektra;5/4;Modell 481 Elektra Size (5/4);https://www.miraphone.de/f-tuba-129.html
150481C07021500;F-Tuba;Modell 481 Elektra;5/4;Modell 481 Elektra Size (5/4);https://www.miraphone.de/f-tuba-481-elektra-size-bell-42-cm-6-valves-1.html
150481C11001;F-Tuba;Modell 481 Elektra;5/4;Modell 481 Elektra Size (5/4);https://www.miraphone.de/f-tuba-132.html
150481C11001500;F-Tuba;Modell 481 Elektra;5/4;Modell 481 Elektra Size (5/4);https://www.miraphone.de/f-tuba-136.html
150481C11001700;F-Tuba;Modell 481 Elektra;5/4;Modell 481 Elektra Size (5/4);https://www.miraphone.de/f-tuba-134.html
150481C11001710;F-Tuba;Modell 481 Elektra;5/4;Modell 481 Elektra Size (5/4);https://www.miraphone.de/f-tuba-481-elektra-5-4-size-6-valves-1.html
150481C11021;F-Tuba;Modell 481 Elektra;5/4;Modell 481 Elektra Size (5/4);https://www.miraphone.de/f-tuba-131.html
150481C11021P10;F-Tuba;Modell 481 Elektra;5/4;Modell 481 Elektra Size (5/4);https://www.miraphone.de/f-tuba-135.html
15P481B07001;Python Tuba;Modell Python;5/4;Modell Python Size (5/4);https://www.miraphone.de/python-tuba.html
160283A07000;Es-Tuba;Modell 283 Norwegian Star;5/4;Modell 283 Norwegian Star Size (5/4);https://www.miraphone.de/es-tuba-3.html
160283A07020;Es-Tuba;Modell 283 Norwegian Star;5/4;Modell 283 Norwegian Star Size (5/4);https://www.miraphone.de/es-tuba.html
160283A11000;Es-Tuba;Modell 283 Norwegian Star;5/4;Modell 283 Norwegian Star Size (5/4);https://www.miraphone.de/es-tuba-2.html
160283B07000;Es-Tuba;Modell 283 Norwegian Star;5/4;Modell 283 Norwegian Star Size (5/4);https://www.miraphone.de/es-tuba-5.html
160283B07000500;Es-Tuba;Modell 283 Norwegian Star;5/4;Modell 283 Norwegian Star Size (5/4);https://www.miraphone.de/es-tuba-8.html
160283B07020;Es-Tuba;Modell 283 Norwegian Star;5/4;Modell 283 Norwegian Star Size (5/4);https://www.miraphone.de/es-tuba-4.html
160283B07020500;Es-Tuba;Modell 283 Norwegian Star;5/4;Modell 283 Norwegian Star Size (5/4);https://www.miraphone.de/es-tuba-7.html
160283B11000;Es-Tuba;Modell 283 Norwegian Star;5/4;Modell 283 Norwegian Star Size (5/4);https://www.miraphone.de/es-tuba-10.html
160283B11000200;Es-Tuba;Modell 283 Norwegian Star;5/4;Modell 283 Norwegian Star Size (5/4);https://www.miraphone.de/es-tuba-6.html
160283B11020;Es-Tuba;Modell 283 Norwegian Star;5/4;Modell 283 Norwegian Star Size (5/4);https://www.miraphone.de/es-tuba-9.html
160383B07000200;Es-Tuba;Modell 383 Starlight;4/4;Modell 383 Starlight Size (4/4);https://www.miraphone.de/eb-tuba-starlight-383-4-4-size-schall-38-cm-5-valves-1-6.html
160383B07000200700;Es-Tuba;Modell 383 Starlight;4/4;Modell 383 Starlight Size (4/4);https://www.miraphone.de/es-tuba-17.html
160383B07000204;Es-Tuba;Modell 383 Starlight;4/4;Modell 383 Starlight Size (4/4);https://www.miraphone.de/eb-tuba-starlight-383-4-4-size-schall-38-cm-5-valves-1-5.html
160383B07020200;Es-Tuba;Modell 383 Starlight;4/4;Modell 383 Starlight Size (4/4);https://www.miraphone.de/eb-tuba-starlight-383-4-4-size-schall-38-cm-5-valves-1-4.html
160383B07020204;Es-Tuba;Modell 383 Starlight;4/4;Modell 383 Starlight Size (4/4);https://www.miraphone.de/eb-tuba-starlight-383-4-4-size-schall-38-cm-5-valves-1-3.html
160383B11000200;Es-Tuba;Modell 383 Starlight;4/4;Modell 383 Starlight Size (4/4);https://www.miraphone.de/eb-tuba-starlight-383-4-4-size-schall-38-cm-5-valves-1-2.html
160383B11000204;Es-Tuba;Modell 383 Starlight;4/4;Modell 383 Starlight Size (4/4);https://www.miraphone.de/es-tuba-16.html
160383B11020200;Es-Tuba;Modell 383 Starlight;4/4;Modell 383 Starlight Size (4/4);https://www.miraphone.de/eb-tuba-starlight-383-4-4-size-schall-38-cm-5-valves-1.html
170084A07000;B-Tuba;Modell 84;1/2;Modell 84 Size (1/2);https://www.miraphone.de/bbb-tuba-84.html
170084A07000500;B-Tuba;Modell 84;1/2;Modell 84 Size (1/2);https://www.miraphone.de/b-tuba-modell-84.html
170086007000;B-Tuba;Modell 86;4/4;Modell 86 Size (4/4);https://www.miraphone.de/bbb-tuba-83.html
170086011000;B-Tuba;Modell 86;4/4;Modell 86 Size (4/4);https://www.miraphone.de/bbb-tuba-86-4-4-size-bell-45-cm-3-valves-1.html
170086A07000;B-Tuba;Modell 86;4/4;Modell 86 Size (4/4);https://www.miraphone.de/bbb-tuba-86-4-4-size-bell-45-cm-4-valves-1-5.html
170086A07000500;B-Tuba;Modell 86;4/4;Modell 86 Size (4/4);https://www.miraphone.de/bbb-tuba-80.html
170086A07000700;B-Tuba;Modell 86;4/4;Modell 86 Size (4/4);https://www.miraphone.de/bbb-tuba-17.html
170086A07000710;B-Tuba;Modell 86;4/4;Modell 86 Size (4/4);https://www.miraphone.de/bbb-tuba-16.html
170086A07000720;B-Tuba;Modell 86;4/4;Modell 86 Size (4/4);https://www.miraphone.de/bbb-tuba-5.html
170086A07020;B-Tuba;Modell 86;4/4;Modell 86 Size (4/4);https://www.miraphone.de/bbb-tuba-86-4-4-size-bell-45-cm-4-valves-1-4.html
170086A07020500;B-Tuba;Modell 86;4/4;Modell 86 Size (4/4);https://www.miraphone.de/bbb-tuba-86-4-4-size-bell-45-cm-4-valves-1-3.html
170086A11000;B-Tuba;Modell 86;4/4;Modell 86 Size (4/4);https://www.miraphone.de/bbb-tuba-86-4-4-size-bell-45-cm-4-valves-1-2.html
170086A11000500;B-Tuba;Modell 86;4/4;Modell 86 Size (4/4);https://www.miraphone.de/bbb-tuba-86-4-4-size-bell-45-cm-4-valves-1.html
170086A11000710;B-Tuba;Modell 86;4/4;Modell 86 Size (4/4);https://www.miraphone.de/bbb-tuba-15.html
170086A11000720;B-Tuba;Modell 86;4/4;Modell 86 Size (4/4);https://www.miraphone.de/b-tuba-86-4-4-size-bell-45-cm-4-valves-1.html
170086B07000;B-Tuba;Modell 86;4/4;Modell 86 Size (4/4);https://www.miraphone.de/bbb-tuba-75.html
170086B07000500;B-Tuba;Modell 86;4/4;Modell 86 Size (4/4);https://www.miraphone.de/bbb-tuba-86-4-4-size-bell-45-cm-5-valves-1-2.html
170086B07000720;B-Tuba;Modell 86;4/4;Modell 86 Size (4/4);https://www.miraphone.de/bbb-tuba-86-4-4-size-bell-45-cm-5-valves-1.html
170087A07000;B-Tuba;Modell 87;4/4 weit;Modell 87 Size (4/4 weit);https://www.miraphone.de/bbb-tuba-87-4-4-wide-size-bell-45-cm-4-valves-1-4.html
170087A07000500;B-Tuba;Modell 87;4/4 weit;Modell 87 Size (4/4 weit);https://www.miraphone.de/bbb-tuba-87-4-4-wide-size-bell-45-cm-4-valves-1-3.html
170087A07000700;B-Tuba;Modell 87;4/4 weit;Modell 87 Size (4/4 weit);https://www.miraphone.de/bbb-tuba-10.html
170087A11000;B-Tuba;Modell 87;4/4 weit;Modell 87 Size (4/4 weit);https://www.miraphone.de/bbb-tuba-87-4-4-wide-size-bell-45-cm-4-valves-1-2.html
170087A11000500;B-Tuba;Modell 87;4/4 weit;Modell 87 Size (4/4 weit);https://www.miraphone.de/bbb-tuba-87-4-4-wide-size-bell-45-cm-4-valves-1.html
170087A11000710;B-Tuba;Modell 87;4/4 weit;Modell 87 Size (4/4 weit);https://www.miraphone.de/bbb-tuba-9.html
170087B11000;B-Tuba;Modell 87;4/4 weit;Modell 87 Size (4/4 weit);https://www.miraphone.de/bbb-tuba-69.html
170087B11000500;B-Tuba;Modell 87;4/4 weit;Modell 87 Size (4/4 weit);https://www.miraphone.de/bbb-tuba-87b-4-4-wide-size-bell-45-cm-5-valves-1.html
170091A07000;B-Tuba;Modell 91;5/4 kompakt;Modell 91 Size (5/4 kompakt);https://www.miraphone.de/bbb-tuba-67.html
170091A07000500;B-Tuba;Modell 91;5/4 kompakt;Modell 91 Size (5/4 kompakt);https://www.miraphone.de/bbb-tuba-91-compact-style-5-4-size-bell-47-cm-4-valves-1-5.html
170091A07020;B-Tuba;Modell 91;5/4 kompakt;Modell 91 Size (5/4 kompakt);https://www.miraphone.de/bbb-tuba-91-compact-style-5-4-size-bell-47-cm-4-valves-1-4.html
170091A07020500;B-Tuba;Modell 91;5/4 kompakt;Modell 91 Size (5/4 kompakt);https://www.miraphone.de/bbb-tuba-91-compact-style-5-4-size-bell-47-cm-4-valves-1-3.html
170091A11000;B-Tuba;Modell 91;5/4 kompakt;Modell 91 Size (5/4 kompakt);https://www.miraphone.de/bbb-tuba-91-compact-style-5-4-size-bell-47-cm-4-valves-1-2.html
170091A11000500;B-Tuba;Modell 91;5/4 kompakt;Modell 91 Size (5/4 kompakt);https://www.miraphone.de/bbb-tuba-91-compact-style-5-4-size-bell-47-cm-4-valves-1.html
170091B07000;B-Tuba;Modell 91;5/4 kompakt;Modell 91 Size (5/4 kompakt);https://www.miraphone.de/bbb-tuba-91-compact-style-5-4-size-bell-47-cm-5-valves-1-6.html
170091B07000500;B-Tuba;Modell 91;5/4 kompakt;Modell 91 Size (5/4 kompakt);https://www.miraphone.de/bbb-tuba-91-compact-style-5-4-size-bell-47-cm-5-valves-1-5.html
170091B07000700;B-Tuba;Modell 91;5/4 kompakt;Modell 91 Size (5/4 kompakt);https://www.miraphone.de/bbb-tuba-14.html
170091B07020;B-Tuba;Modell 91;5/4 kompakt;Modell 91 Size (5/4 kompakt);https://www.miraphone.de/bbb-tuba-91-compact-style-5-4-size-bell-47-cm-5-valves-1-4.html
170091B07020500;B-Tuba;Modell 91;5/4 kompakt;Modell 91 Size (5/4 kompakt);https://www.miraphone.de/bbb-tuba-91-compact-style-5-4-size-bell-47-cm-5-valves-1-3.html
170091B11000;B-Tuba;Modell 91;5/4 kompakt;Modell 91 Size (5/4 kompakt);https://www.miraphone.de/bbb-tuba-91-compact-style-5-4-size-bell-47-cm-5-valves-1-2.html
170091B11000500;B-Tuba;Modell 91;5/4 kompakt;Modell 91 Size (5/4 kompakt);https://www.miraphone.de/bbb-tuba-91-compact-style-5-4-size-bell-47-cm-5-valves-1.html
170091B11000700;B-Tuba;Modell 91;5/4 kompakt;Modell 91 Size (5/4 kompakt);https://www.miraphone.de/bbb-tuba-13.html
170098B07000;B-Tuba;Modell 98 Siegfried;6/4;Modell 98 Siegfried Size (6/4);https://www.miraphone.de/bbb-tuba-98-siegfried-6-4-size-bell-50-cm-5-valves-1.html
170098B07020;B-Tuba;Modell 98 Siegfried;6/4;Modell 98 Siegfried Size (6/4);https://www.miraphone.de/bbb-tuba-54.html
170282A07000;B-Tuba;Modell 282;3/4;Modell 282 Size (3/4);https://www.miraphone.de/bbb-tuba-282-3-4-size-bell-42-cm-4-valves-1-3.html
170282A07000500;B-Tuba;Modell 282;3/4;Modell 282 Size (3/4);https://www.miraphone.de/bbb-tuba-52.html
170282A07020;B-Tuba;Modell 282;3/4;Modell 282 Size (3/4);https://www.miraphone.de/bbb-tuba-282-3-4-size-bell-42-cm-4-valves-1-2.html
170282A11000;B-Tuba;Modell 282;3/4;Modell 282 Size (3/4);https://www.miraphone.de/bbb-tuba-282-3-4-size-bell-42-cm-4-valves-1.html
170282A11000500;B-Tuba;Modell 282;3/4;Modell 282 Size (3/4);https://www.miraphone.de/bbb-tuba-91.html
170282B07000;B-Tuba;Modell 282;3/4;Modell 282 Size (3/4);https://www.miraphone.de/bbb-tuba-49.html
170289A07000;B-Tuba;Modell 289;5/4;Modell 289 Size (5/4);https://www.miraphone.de/bbb-tuba-289-5-4-size-bell-47-cm-4-valves-1-7.html
170289A07000500;B-Tuba;Modell 289;5/4;Modell 289 Size (5/4);https://www.miraphone.de/bbb-tuba-289-5-4-size-bell-47-cm-4-valves-1-6.html
170289A07000700;B-Tuba;Modell 289;5/4;Modell 289 Size (5/4);https://www.miraphone.de/bbb-tuba-12.html
170289A07000720;B-Tuba;Modell 289;5/4;Modell 289 Size (5/4);https://www.miraphone.de/bbb-tuba-4.html
170289A07020;B-Tuba;Modell 289;5/4;Modell 289 Size (5/4);https://www.miraphone.de/bbb-tuba-289-5-4-size-bell-47-cm-4-valves-1-5.html
170289A11000;B-Tuba;Modell 289;5/4;Modell 289 Size (5/4);https://www.miraphone.de/bbb-tuba-289-5-4-size-bell-47-cm-4-valves-1-4.html
170289A11000500;B-Tuba;Modell 289;5/4;Modell 289 Size (5/4);https://www.miraphone.de/bbb-tuba-289-5-4-size-bell-47-cm-4-valves-1-3.html
170289A11020;B-Tuba;Modell 289;5/4;Modell 289 Size (5/4);https://www.miraphone.de/bbb-tuba-289-5-4-size-bell-47-cm-4-valves-1-2.html
170289A11020500;B-Tuba;Modell 289;5/4;Modell 289 Size (5/4);https://www.miraphone.de/bbb-tuba-289-5-4-size-bell-47-cm-4-valves-1.html
170289B07000;B-Tuba;Modell 289;5/4;Modell 289 Size (5/4);https://www.miraphone.de/bbb-tuba-41.html
170289B07000500;B-Tuba;Modell 289;5/4;Modell 289 Size (5/4);https://www.miraphone.de/bbb-tuba-289-170289b07000500.html
170289B07020;B-Tuba;Modell 289;5/4;Modell 289 Size (5/4);https://www.miraphone.de/bbb-tuba-289-5-4-size-bell-47-cm-5-valves-1-5.html
170289B11000;B-Tuba;Modell 289;5/4;Modell 289 Size (5/4);https://www.miraphone.de/bbb-tuba-289-5-4-size-bell-47-cm-5-valves-1-4.html
170289B11000500;B-Tuba;Modell 289;5/4;Modell 289 Size (5/4);https://www.miraphone.de/bbb-tuba-289-5-4-size-bell-47-cm-5-valves-1-3.html
170289B11020;B-Tuba;Modell 289;5/4;Modell 289 Size (5/4);https://www.miraphone.de/bbb-tuba-289-5-4-size-bell-47-cm-5-valves-1-2.html
170289B11020500;B-Tuba;Modell 289;5/4;Modell 289 Size (5/4);https://www.miraphone.de/bbb-tuba-289-5-4-size-bell-47-cm-5-valves-1.html
170494A07000;B Tuba;Modell 494 Hagen;3/4;Modell 494 Hagen Size (3/4);https://www.miraphone.de/bbb-tuba-494-yellow-brass.html
170494A07000930;B Tuba;Modell 494 Hagen;3/4;Modell 494 Hagen Size (3/4);https://www.miraphone.de/b-tuba-494-170494a07000930.html
170494A07020;B-Tuba;Modell 494 Hagen;3/4;Modell 494 Hagen Size (3/4);https://www.miraphone.de/bbb-tuba-497.html
170494A11000;B-Tuba;Modell 494 Hagen;3/4;Modell 494 Hagen Size (3/4);https://www.miraphone.de/bbb-tuba-495.html
170494B07000;B Tuba;Modell 494 Hagen;3/4;Modell 494 Hagen Size (3/4);https://www.miraphone.de/bbb-tuba-494-5-valves.html
170495A07000;B-Tuba;Modell 495 Hagen;4/4 weit;Modell 495 Hagen Size (4/4 weit);https://www.miraphone.de/b-tuba-5.html
170495A07000700;B-Tuba;Modell 495 Hagen;4/4 weit;Modell 495 Hagen Size (4/4 weit);https://www.miraphone.de/b-tuba-3.html
170495A07000720;B-Tuba;Modell 495 Hagen;4/4 weit;Modell 495 Hagen Size (4/4 weit);https://www.miraphone.de/bbb-tuba-hagen-495-4-4-size-bell-45-cm-4-valves-1.html
170495A07000930;B-Tuba;Modell 495 Hagen;4/4 weit;Modell 495 Hagen Size (4/4 weit);https://www.miraphone.de/bbb-tuba-hagen-495-170495a07000930.html
170495A11000;B-Tuba;Modell 495 Hagen;4/4 weit;Modell 495 Hagen Size (4/4 weit);https://www.miraphone.de/b-tuba-2.html
170496A07000;B-Tuba;Modell 496 Hagen;5/4;Modell 496 Hagen Size (5/4);https://www.miraphone.de/b-tuba-11.html
170496A07000700;B-Tuba;Modell 496 Hagen;5/4;Modell 496 Hagen Size (5/4);https://www.miraphone.de/b-tuba-10.html
170496A07000720;B-Tuba;Modell 496 Hagen;5/4;Modell 496 Hagen Size (5/4);https://www.miraphone.de/b-tuba-8.html
170496A07000930;B-Tuba;Modell 496 Hagen;5/4;Modell 496 Hagen Size (5/4);https://www.miraphone.de/b-tuba-hagen-496-170496a07000930.html
170496A07020;B-Tuba;Modell 496 Hagen;5/4;Modell 496 Hagen Size (5/4);https://www.miraphone.de/b-tuba-6.html
170496A11000;B-Tuba;Modell 496 Hagen;5/4;Modell 496 Hagen Size (5/4);https://www.miraphone.de/b-tuba-7.html
170496B07000;B-Tuba;Modell 496 Hagen;5/4;Modell 496 Hagen Size (5/4);https://www.miraphone.de/b-tuba-12.html
170496B07000710;B-Tuba;Modell 496 Hagen;5/4;Modell 496 Hagen Size (5/4);https://www.miraphone.de/bbb-tuba-88.html
170496B07020;B-Tuba;Modell 496 Hagen;5/4;Modell 496 Hagen Size (5/4);https://www.miraphone.de/bb-tuba-hagen-496-5-4-size-bell-45-cm-5-valves-1.html
170496B11000;B-Tuba;Modell 496 Hagen;5/4;Modell 496 Hagen Size (5/4);https://www.miraphone.de/b-tuba-9.html
170497A07000;B-Tuba;Modell 497 Hagen;6/4;Modell 497 Hagen Size (6/4);https://www.miraphone.de/b-tuba-14.html
170497A07020;B-Tuba;Modell 497 Hagen;6/4;Modell 497 Hagen Size (6/4);https://www.miraphone.de/b-tuba-13.html
170497B07000;B-Tuba;Modell 497 Hagen;6/4;Modell 497 Hagen Size (6/4);https://www.miraphone.de/bb-tuba-hagen-497-6-4-size-bell-48-cm-4-valves-1.html
170497B07020;B-Tuba;Modell 497 Hagen;6/4;Modell 497 Hagen Size (6/4);https://www.miraphone.de/bb-tuba-hagen-497-170497b07020.html
180084A07000;C-Tuba;Modell 84;1/2;Modell 84 Size (1/2);https://www.miraphone.de/cc-tuba-42.html
180084A07000500;C-Tuba;Modell 84;1/2;Modell 84 Size (1/2);https://www.miraphone.de/cc-tuba-84-bell-38-cm-4-valves-1.html
180084B07000;C-Tuba;Modell 84;1/2;Modell 84 Size (1/2);https://www.miraphone.de/cc-tuba-40.html
180084B07000500;C-Tuba;Modell 84;1/2;Modell 84 Size (1/2);https://www.miraphone.de/cc-tuba-84-bell-38-cm-5-valves-1.html
180085B07000;C-Tuba;Modell 85;3/4;Modell 85 Size (3/4);https://www.miraphone.de/cc-tuba-38.html
180085B07000500;C-Tuba;Modell 85;3/4;Modell 85 Size (3/4);https://www.miraphone.de/cc-tuba-85-bell-40-cm-5-valves-1.html
180086A07000;C-Tuba;Modell 86;4/4;Modell 86 Size (4/4);https://www.miraphone.de/cc-tuba-36.html
180086A07000500;C-Tuba;Modell 86;4/4;Modell 86 Size (4/4);https://www.miraphone.de/cc-tuba-86-bell-45-cm-4-valves-1-3.html
180086A11000;C-Tuba;Modell 86;4/4;Modell 86 Size (4/4);https://www.miraphone.de/cc-tuba-86-bell-45-cm-4-valves-1-2.html
180086A11000500;C-Tuba;Modell 86;4/4;Modell 86 Size (4/4);https://www.miraphone.de/cc-tuba-86-bell-45-cm-4-valves-1.html
180086B07000;C-Tuba;Modell 86;4/4;Modell 86 Size (4/4);https://www.miraphone.de/cc-tuba-86-bell-45-cm-5-valves-1-6.html
180086B07000500;C-Tuba;Modell 86;4/4;Modell 86 Size (4/4);https://www.miraphone.de/cc-tuba-86-bell-45-cm-5-valves-1-5.html
180086B07000500700;C-Tuba;Modell 86;4/4;Modell 86 Size (4/4);https://www.miraphone.de/cc-tuba-43.html
180086B07000720;C-Tuba;Modell 86;4/4;Modell 86 Size (4/4);https://www.miraphone.de/cc-tuba-4.html
180086B07020;C-Tuba;Modell 86;4/4;Modell 86 Size (4/4);https://www.miraphone.de/cc-tuba-86-bell-45-cm-5-valves-1-4.html
180086B07020500;C-Tuba;Modell 86;4/4;Modell 86 Size (4/4);https://www.miraphone.de/cc-tuba-86-bell-45-cm-5-valves-1-3.html
180086B11000;C-Tuba;Modell 86;4/4;Modell 86 Size (4/4);https://www.miraphone.de/cc-tuba-86-bell-45-cm-5-valves-1-2.html
180086B11000500;C-Tuba;Modell 86;4/4;Modell 86 Size (4/4);https://www.miraphone.de/cc-tuba-86-bell-45-cm-5-valves-1.html
180088007000;C-Tuba;Modell 88;4/4 weit;Modell 88 Size (4/4 weit);https://www.miraphone.de/cc-tuba-26.html
180088007000501;C-Tuba;Modell 88;4/4 wide;Modell 88 Size (4/4 wide);https://www.miraphone.de/cc-tuba-88-bell-45-cm-5-valves-1.html
180088007020;C-Tuba;Modell 88;4/4 weit;Modell 88 Size (4/4 weit);https://www.miraphone.de/cc-tuba-3.html
180088007020501;C-Tuba;Modell 88;4/4 weit;Modell 88 Size (4/4 weit);https://www.miraphone.de/cc-tuba-88-bell-45-cm-5-valves-1-4.html
180088007030501;C-Tuba;Modell 88;4/4 weit;Modell 88 Size (4/4 weit);https://www.miraphone.de/cc-tuba-25.html
180088011000;C-Tuba;Modell 88;4/4 weit;Modell 88 Size (4/4 weit);https://www.miraphone.de/cc-tuba-88-bell-45-cm-5-valves-1-3.html
180088011000501;C-Tuba;Modell 88;4/4 weit;Modell 88 Size (4/4 weit);https://www.miraphone.de/cc-tuba-88-bell-45-cm-5-valves-1-2.html
180291B07000;C-Tuba;Modell 291 Bruckner;5/4 kompakt;Modell 291 Bruckner Size (5/4 kompakt);https://www.miraphone.de/c-tuba-2.html
180291B07000720;C-Tuba;Modell 291 Bruckner;5/4 kompakt;Modell 291 Bruckner Size (5/4 kompakt);https://www.miraphone.de/c-tuba.html
180291B07020;C-Tuba;Modell 291 Bruckner;5/4 kompakt;Modell 291 Bruckner Size (5/4 kompakt);https://www.miraphone.de/c-tuba-3.html
180291B11000;C-Tuba;Modell 291 Bruckner;5/4 kompakt;Modell 291 Bruckner Size (5/4 kompakt);https://www.miraphone.de/c-tuba-4.html
191300313000;B-Sousaphone;Modell 1300;;Modell 1300;https://www.miraphone.de/bbb-sousaphone-3.html
191300315000;B-Sousaphone;Modell 1300;;Modell 1300;https://www.miraphone.de/bbb-sousaphone-2.html
191300413000;B-Sousaphone;Modell 1300;;Modell 1300;https://www.miraphone.de/bbb-sousaphone-1.html
191300415000;B-Sousaphone;Modell 1300;;Modell 1300;https://www.miraphone.de/bbb-sousaphone.html
191300415000700;B-Sousaphone;Modell 1300;;Modell 1300;https://www.miraphone.de/bb-sousaphone.html
200072P12000;B-Fürst Plesshorn ;Modell 72P;;Modell 72P;https://www.miraphone.de/bb-fuerst-pless-hunting-horn-4.html
200072P16000;B-Fürst Plesshorn ;Modell 72P;;Modell 72P;https://www.miraphone.de/bb-fuerst-pless-hunting-horn-3.html
200072P16000200;B-Fürst Plesshorn ;Modell 72P;;Modell 72P;https://www.miraphone.de/bb-fuerst-pless-hunting-horn-2.html
200074P07000;B-Fürst Plesshorn ;Modell 74P;;Modell 74P;https://www.miraphone.de/bb-fuerst-pless-hunting-horn-1.html
200074P11000;B-Fürst Plesshorn ;Modell 74P;;Modell 74P;https://www.miraphone.de/bb-fuerst-pless-hunting-horn.html
200077P13000;Es/B-Parforce Horn;Modell 77P;;Modell 77P;https://www.miraphone.de/eb-bb-parforce-horn-2.html
200077P16000;Es/B-Parforce Horn;Modell 77P;;Modell 77P;https://www.miraphone.de/eb-bb-parforce-horn-1.html
200077P16000300;Es/B-Parforce Horn;Modell 77P;;Modell 77P;https://www.miraphone.de/es-b-parforce-horn-135.html
200233012030;Bügel-Horn;Modell 233;;Modell 233;https://www.miraphone.de/bb-buegle-horn.html
26M300013000;B-Perinettrompete;Modell M3000;;Modell M3000;https://www.miraphone.de/bb-trumpet-piston-valves-9.html
26M300013020;B-Perinettrompete;Modell M3000;;Modell M3000;https://www.miraphone.de/bb-trumpet-piston-valves-8.html
26M300016000;B-Perinettrompete;Modell M3000;;Modell M3000;https://www.miraphone.de/bb-trumpet-piston-valves-7.html
26M300016010;B-Perinettrompete;Modell M3000;;Modell M3000;https://www.miraphone.de/bb-trumpet-m3000-piston-valves-1.html
26M300016020;B-Perinettrompete;Modell M3000;;Modell M3000;https://www.miraphone.de/bb-trumpet-piston-valves-4.html
26M305013000;B-Perinettrompete;Modell M3050;;Modell M3050;https://www.miraphone.de/b-perinettrompete.html
26M305013020;B-Perinettrompete;Modell M3050;;Modell M3050;https://www.miraphone.de/bb-trumpet-piston-valves-1.html
26M305016000;B-Perinettrompete;Modell M3050;;Modell M3050;https://www.miraphone.de/bb-trumpet-piston-valves.html
331281513000;F-Tuba;Modell 1281 Petruschka;5/4;Modell 1281 Petruschka Size (5/4);https://www.miraphone.de/f-tuba-14.html
331281513000100;F-Tuba;Modell 1281 Petruschka;5/4;Modell 1281 Petruschka Size (5/4);https://www.miraphone.de/f-tuba-86.html
331281513000100720;F-Tuba;Modell 1281 Petruschka;5/4;Modell 1281 Petruschka Size (5/4);https://www.miraphone.de/f-tuba-84.html
331281513000700;F-Tuba;Modell 1281 Petruschka;5/4;Modell 1281 Petruschka Size (5/4);https://www.miraphone.de/f-tuba-85.html
331281513000720;F-Tuba;Modell 1281 Petruschka;5/4;Modell 1281 Petruschka Size (5/4);https://www.miraphone.de/f-tuba-10.html
331281515000;F-Tuba;Modell 1281 Petruschka;5/4;Modell 1281 Petruschka Size (5/4);https://www.miraphone.de/f-tuba-13.html
331281515000100;F Tuba 1281 Petruschka 5/4 Size 5 valves;Modell 1281 Petruschka;5/4;Modell 1281 Petruschka Size (5/4);https://www.miraphone.de/f-tuba-1281-petruschka-5331281513000101.html
331281515000100710;F-Tuba;Modell 1281 Petruschka;5/4;Modell 1281 Petruschka Size (5/4);https://www.miraphone.de/f-tuba-1281-petruschka-5-4-size-5-valves-1.html
331281515000100720;F-Tuba;Modell 1281 Petruschka;5/4;Modell 1281 Petruschka Size (5/4);https://www.miraphone.de/f-tuba-141.html
331281515000720;F-Tuba;Modell 1281 Petruschka;5/4;Modell 1281 Petruschka Size (5/4);https://www.miraphone.de/f-tuba-8.html
341254013000;B-Euphonium;Modell 1254;;Modell 1254;https://www.miraphone.de/bb-euphonium-22.html
341254015000;B-Euphonium;Modell 1254;;Modell 1254;https://www.miraphone.de/b-euphonium-121.html
341255L13000;B-Euphonium;Modell 1255L;;Modell 1255L;https://www.miraphone.de/b-euphonium-120.html
341255L15000;B-Euphonium;Modell 1255L;;Modell 1255L;https://www.miraphone.de/b-euphonium-119.html
341258A13000;B-Euphonium, kompensiert;Modell 1258A;;Modell 1258A;https://www.miraphone.de/b-euphonium-kompensiert-2.html
341258A13000700;B-Euphonium, kompensiert;Modell 1258A;;Modell 1258A;https://www.miraphone.de/b-euphonium-kompensiert-117.html
341258A15000;B-Euphonium, kompensiert;Modell 1258A;;Modell 1258A;https://www.miraphone.de/b-euphonium-kompensiert-116.html
341258A15000700;B-Euphonium, kompensiert;Modell 1258A;;Modell 1258A;https://www.miraphone.de/b-euphonium-kompensiert-115.html
34M500013000;B-Euphonium, kompensiert, ergonomisch;Modell M5000;;Modell M5000;https://www.miraphone.de/b-euphonium-kompensiert-ergonomisch-3.html
34M500015000;B-Euphonium, kompensiert, ergonomisch;Modell M5000;;Modell M5000;https://www.miraphone.de/b-euphonium-kompensiert-ergonomisch-113.html
34M500015000700;B-Euphonium, kompensiert, ergonomisch;Modell M5000;;Modell M5000;https://www.miraphone.de/b-euphonium-kompensiert-ergonomisch-35.html
34M505013000A10;B-Euphonium;Modell M5050 Ambassador;;Modell M5050 Ambassador;https://www.miraphone.de/b-euphonium-112.html
34M505013000A10700;B-Euphonium;Modell M5050 Ambassador;;Modell M5050 Ambassador;https://www.miraphone.de/b-euphonium-111.html
34M505013000A30;B-Euphonium;Modell M5050 Ambassador;;Modell M5050 Ambassador;https://www.miraphone.de/b-euphonium-110.html
34M505013000A30700;B-Euphonium;Modell M5050 Ambassador;;Modell M5050 Ambassador;https://www.miraphone.de/b-euphonium-109.html
34M505015000A10;B-Euphonium;Modell M5050 Ambassador;;Modell M5050 Ambassador;https://www.miraphone.de/b-euphonium-108.html
34M505015000A10700;B-Euphonium;Modell M5050 Ambassador;;Modell M5050 Ambassador;https://www.miraphone.de/b-euphonium-107.html
34M505015000A30;B-Euphonium;Modell M5050 Ambassador;;Modell M5050 Ambassador;https://www.miraphone.de/b-euphonium-106.html
34M505015000A30700;B-Euphonium;Modell M5050 Ambassador;;Modell M5050 Ambassador;https://www.miraphone.de/euphonium-ambassador-m5050-2.html
34M505015000E10;B-Euphonium;Modell M5050 Ambassador Edition;;Modell M5050 Ambassador Edition;https://www.miraphone.de/b-euphonium-104.html
34M505015000E10700;B-Euphonium;Modell M5050 Ambassador Edition;;Modell M5050 Ambassador Edition;https://www.miraphone.de/b-euphonium-103.html
34M505015000E30;B-Euphonium;Modell M5050 Ambassador Edition;;Modell M5050 Ambassador Edition;https://www.miraphone.de/b-euphonium-102.html
34M505015000E30700;B-Euphonium;Modell M5050 Ambassador Edition;;Modell M5050 Ambassador Edition;https://www.miraphone.de/b-euphonium-101.html
361291513000;C-Tuba;Modell 1291;5/4 kompakt;Modell 1291 Size (5/4 kompakt);https://www.miraphone.de/cc-tuba-16.html
361291513000443;C-Tuba;Modell 1291;5/4 kompakt;Modell 1291 Size (5/4 kompakt);https://www.miraphone.de/cc-tuba-15.html
361291515000;C-Tuba;Modell 1291;5/4 kompakt;Modell 1291 Size (5/4 kompakt);https://www.miraphone.de/cc-tuba-14.html
361291515000443;C-Tuba;Modell 1291;5/4 kompakt;Modell 1291 Size (5/4 kompakt);https://www.miraphone.de/cc-tuba-13.html
361292513000;C-Tuba;Modell 1292 New Yorker;5/4 kompakt;Modell 1292 New Yorker Size (5/4 kompakt);https://www.miraphone.de/cc-tuba-1292-new-yorker-bell-47-cm-5-valves-front-action-1-3.html
361292513000443;C-Tuba;Modell 1292 New Yorker;5/4 kompakt;Modell 1292 New Yorker Size (5/4 kompakt);https://www.miraphone.de/cc-tuba-1292-new-yorker-bell-47-cm-5-valves-front-action-1-2.html
361292513000443700;C-Tuba;Modell 1292 New Yorker;5/4 kompakt;Modell 1292 New Yorker Size (5/4 kompakt);https://www.miraphone.de/cc-tuba-6.html
361292515000;C-Tuba;Modell 1292 New Yorker;5/4 kompakt;Modell 1292 New Yorker Size (5/4 kompakt);https://www.miraphone.de/cc-tuba-10.html
361292515000443;C-Tuba;Modell 1292 New Yorker;5/4 kompakt;Modell 1292 New Yorker Size (5/4 kompakt);https://www.miraphone.de/cc-tuba-1292-new-yorker-bell-47-cm-5-valves-front-action-1.html
361292515000720;C-Tuba;Modell 1292 New Yorker;5/4 kompakt;Modell 1292 New Yorker Size (5/4 kompakt);https://www.miraphone.de/cc-tuba-1.html
361292515000720443;C-Tuba;Modell 1292 New Yorker;5/4 kompakt;Modell 1292 New Yorker Size (5/4 kompakt);https://www.miraphone.de/cc-tuba.html
361293513000;C-Tuba;Modell 1293;5/4 kompakt;Modell 1293 Size (5/4 kompakt);https://www.miraphone.de/cc-tuba-8.html
361293513000700;C-Tuba;Modell 1293;5/4 kompakt;Modell 1293 Size (5/4 kompakt);https://www.miraphone.de/cc-tuba-5.html
361293515000;C-Tuba;Modell 1293;5/4 kompakt;Modell 1293 Size (5/4 kompakt);https://www.miraphone.de/cc-tuba-7.html
37M7000130006UK;Es-Tuba;Modell M7000 Ambassador;5/4;Modell M7000 Ambassador Size (5/4);https://www.miraphone.de/eeb-tuba-3.html
37M7000150006UK;Es-Tuba;Modell M7000 Ambassador;5/4;Modell M7000 Ambassador Size (5/4);https://www.miraphone.de/eeb-tuba-2.html
37M7050130006UK;Es-Tuba;Modell M7050 Ambassador;5/4;Modell M7050 Ambassador Size (5/4);https://www.miraphone.de/es-tuba-19.html
37M7050150006UK;Es-Tuba;Modell M7050 Ambassador;5/4;Modell M7050 Ambassador Size (5/4);https://www.miraphone.de/es-tuba-18.html
381272413000;B-Tuba;Modell 1272;3/4;Modell 1272 Size (3/4);https://www.miraphone.de/bbb-tuba-30.html
381272415000;B-Tuba;Modell 1272;3/4;Modell 1272 Size (3/4);https://www.miraphone.de/bbb-tuba-29.html
381291413000;B-Tuba;Modell 1291;5/4 kompakt;Modell 1291 Size (5/4 kompakt);https://www.miraphone.de/bbb-tuba-28.html
381291413000500;B-Tuba;Modell 1291;5/4 kompakt;Modell 1291 Size (5/4 kompakt);https://www.miraphone.de/bbb-tuba-27.html
381291415000;B-Tuba;Modell 1291;5/4 kompakt;Modell 1291 Size (5/4 kompakt);https://www.miraphone.de/bbb-tuba-26.html
381291415000500;B-Tuba;Modell 1291;5/4 kompakt;Modell 1291 Size (5/4 kompakt);https://www.miraphone.de/bbb-tuba-25.html
381291513000;B-Tuba;Modell 1291;5/4 kompakt;Modell 1291 Size (5/4 kompakt);https://www.miraphone.de/b-tuba-381291513000.html
381291513000500;B-Tuba;Modell 1291;5/4 kompakt;Modell 1291 Size (5/4 kompakt);https://www.miraphone.de/bbb-tuba-23.html
381291513000700;B-Tuba;Modell 1291;5/4 kompakt;Modell 1291 Size (5/4 kompakt);https://www.miraphone.de/b-tuba.html
381291515000;B-Tuba;Modell 1291;5/4 kompakt;Modell 1291 Size (5/4 kompakt);https://www.miraphone.de/b-tuba1.html
381291515000500;B-Tuba;Modell 1291;5/4 kompakt;Modell 1291 Size (5/4 kompakt);https://www.miraphone.de/bbb-tuba-21.html
381291515000700;B-Tuba;Modell 1291;5/4 kompakt;Modell 1291 Size (5/4 kompakt);https://www.miraphone.de/bbb-tuba-7.html
39M9000130006UK;B-Tuba;Modell M9000 Ambassador;5/4;Modell M9000 Ambassador Size (5/4);https://www.miraphone.de/bbb-tuba-20.html
39M9000150006UK;B-Tuba;Modell M9000 Ambassador;5/4;Modell M9000 Ambassador Size (5/4);https://www.miraphone.de/bbb-tuba-19.html
510063013000;B-Sopranzugposaune;Modell 63;;Modell 63;https://www.miraphone.de/bb-soprano-slide-trombone-2.html
510063013000700;B-Sopranzugposaune;Modell 63;;Modell 63;https://www.miraphone.de/bb-soprano-slide-trombone-1.html
510063016000;B-Sopranzugposaune;Modell 63;;Modell 63;https://www.miraphone.de/bb-soprano-slide-trombone.html
520064013000;Es-Altzugposaune;Modell 64;;Modell 64;https://www.miraphone.de/eb-alto-slide-trombone-2.html
520064013000700;Es-Altzugposaune;Modell 64;;Modell 64;https://www.miraphone.de/eb-alto-slide-trombone-1.html
520064016000;Es-Altzugposaune;Modell 64;;Modell 64;https://www.miraphone.de/eb-alto-slide-trombone.html
540060D13000;B-Tenorzugposaune;Modell 60D;;Modell 60D;https://www.miraphone.de/bb-tenor-slide-trombone-8.html
540060D16000;B-Tenorzugposaune;Modell 60D;;Modell 60D;https://www.miraphone.de/bb-tenor-slide-trombone-7.html
540061D16000;B-Tenorzugposaune;Modell 61D;;Modell 61D;https://www.miraphone.de/bb-tenor-slide-trombone-6.html
550065013000;B-Tenorzugposaune;Modell 65;;Modell 65;https://www.miraphone.de/bb-tenor-slide-trombone-5.html
550065016000;B-Tenorzugposaune;Modell 65;;Modell 65;https://www.miraphone.de/bb-tenor-slide-trombone-4.html
55M660013000;B-Tenorzugposaune;Modell M6600;;Modell M6600;https://www.miraphone.de/bb-tenor-slide-trombone-3.html
55M660013300;B-Tenorzugposaune;Modell M6600;;Modell M6600;https://www.miraphone.de/bb-tenor-slide-trombone-2.html
55M660013340;B-Tenorzugposaune;Modell M6600;;Modell M6600;https://www.miraphone.de/bb-tenor-slide-trombone-m6600-wide-single-rotor-large-quart-open-wrap-bell-22-cm-1.html
55M660016000;B-Tenorzugposaune;Modell M6600;;Modell M6600;https://www.miraphone.de/bb-tenor-slide-trombone-1.html
55M660016300;B-Tenorzugposaune;Modell M6600;;Modell M6600;https://www.miraphone.de/bb-tenor-slide-trombone.html
560067013000;B-Baß Zugposaune;Modell 670;;Modell 670;https://www.miraphone.de/bb-bass-slide-trombone-3.html
560067016000;B-Baß Zugposaune;Modell 670;;Modell 670;https://www.miraphone.de/bb-bass-slide-trombone-2.html
560069113000;B-Baß Zugposaune;Modell 691;;Modell 691;https://www.miraphone.de/bb-bass-slide-trombone-1.html
560069116000;B-Baß Zugposaune;Modell 691;;Modell 691;https://www.miraphone.de/bb-bass-slide-trombone.html
570067013000;B-Kontrabaß Zugposaune;Modell 67;;Modell 67;https://www.miraphone.de/bb-contrabass-slide-trombone-4.html
570067013000200;B-Kontrabaß Zugposaune;Modell 67;;Modell 67;https://www.miraphone.de/bb-contrabass-slide-trombone.html
570067013000700;B-Kontrabaß Zugposaune;Modell 67;;Modell 67;https://www.miraphone.de/bb-contrabass-slide-trombone-3.html
570067016000;B-Kontrabaß Zugposaune;Modell 67;;Modell 67;https://www.miraphone.de/bb-contrabass-slide-trombone-2.html
570067016000200;B-Kontrabaß Zugposaune;Modell 67;;Modell 67;https://www.miraphone.de/bb-contrabass-slide-trombone-1.html
57C067013000;C-Kontrabaß Zugposaune;Modell 67;;Modell 67;https://www.miraphone.de/cc-contrabass-slide-trombone-1.html
57C067016000;C-Kontrabaß Zugposaune;Modell 67;;Modell 67;https://www.miraphone.de/cc-contrabass-slide-trombone.html
